<?xml version="1.0" encoding="UTF-8"?>
<schemalist gettext-domain="gnome-shell-extensions">
  <schema id="org.gnome.shell.extensions.batt-watt-power-monitor" 
        path="/org/gnome/shell/extensions/batt-watt-power-monitor/">
    <!-- See also: https://docs.gtk.org/glib/gvariant-format-strings.html -->
    <key type="i" name="battery">
      <default>0</default>
      <summary></summary>
      <description></description>
    </key> 
    <key type="i" name="interval">
      <default>10</default>
      <summary></summary>
      <description></description>
    </key>   
    <key type="b" name="showicon">
      <default>true</default>
      <summary></summary>
      <description></description>
    </key>
    <key type="b" name="percentage">
      <default>true</default>
      <summary></summary>
      <description></description>
    </key> 
    <key type="b" name="timeremaining">
      <default>true</default>
      <summary></summary>
      <description></description>
    </key>
    <key type="b" name="hidecharging">
      <default>false</default>
      <summary></summary>
      <description></description>
    </key>
    <key type="b" name="hidefull">
      <default>false</default>
      <summary></summary>
      <description></description>
    </key>
    <key type="b" name="hideidle">
      <default>false</default>
      <summary></summary>
      <description></description>
    </key>
    <key type="b" name="showwatts">
      <default>true</default>
      <summary></summary>
      <description></description>
    </key>
  </schema>
</schemalist>