{
  "description": "Battery Power Monitor - Shows percentage, time remaining, and watts in the GNOME Shell panel. Real-time power consumption monitoring with smart display options.",
  "gettext-domain": "batt-watt-power-monitor",
  "name": "Battery Power Monitor [Percentage, Time Remaining and Watts]",
  "settings-schema": "org.gnome.shell.extensions.batt-watt-power-monitor",
  "shell-version": [
    "45",
    "46",
    "47",
    "48",
    "49"
  ],
  "type": "extension",
  "url": "https://github.com/DarkPhilosophy/batt-watt-power-monitor",
  "uuid": "batt-watt-power-monitor@DarkPhilosophy",
  "version": 1
}